Country Name,Country Code,Series Name,Series Code,2016 [YR2016],2017 [YR2017],2018 [YR2018],2019 [YR2019],2020 [YR2020],2021 [YR2021],2022 [YR2022],2023 [YR2023],2024 [YR2024],2025 [YR2025]
United States,USA,Population in largest city,EN.URB.LCTY,18704696,18761941,18819361,18804722,18803552,18822570,18866532,18937269,19034018,19154024
United States,USA,Population living in slums (% of urban population),EN.POP.SLUM.UR.ZS,0.2,..,0.15,..,0.15,..,0.09318,..,..,..
United States,USA,Rural population (% of total population),SP.RUR.TOTL.ZS,19.50233547,19.59813216,19.7195432,19.86952066,20.00254824,19.99252349,19.96750218,19.92843888,19.8752202,19.8078267
United States,USA,Urban population growth (annual %),SP.URB.GROW,0.694814118,0.573829589,0.435313708,0.328117139,0.24239164,0.169854212,0.600598926,0.871386213,1.026538831,0.606543346
United States,USA,Rural population,SP.RUR.TOTL,63256476,64009187,64784532,65614368,66324070,66395204,66690719,67110025,67576503,67700152
United States,USA,Urban population,SP.URB.TOTL,261096864,262599422,263745045,264611859,265254034,265704962,267305585,269645027,272427294,274084705
United States,USA,Urban population (% of total population),SP.URB.TOTL.IN.ZS,80.49766453,80.40186784,80.2804568,80.13047934,79.99745176,80.00747651,80.03249782,80.07156112,80.1247798,80.1921733
United States,USA,Rural population growth (annual %),SP.RUR.TOTL.ZG,1.161332819,1.182911021,1.204025123,1.27278252,1.075818171,0.107194689,0.444097285,0.626763888,0.692689718,0.182809125
United Kingdom,GBR,Population in largest city,EN.URB.LCTY,8787892,8916251,9046485,9176530,9304016,9425622,9540576,9648110,9748033,9840742
United Kingdom,GBR,Population living in slums (% of urban population),EN.POP.SLUM.UR.ZS,0.1,..,0.1,..,0.1,..,0.1625,..,..,..
United Kingdom,GBR,Rural population (% of total population),SP.RUR.TOTL.ZS,17.97700083,17.76934327,17.55343424,17.33005793,17.09999847,17.01135685,16.9246017,16.83980671,16.75704556,16.67639192
United Kingdom,GBR,Urban population growth (annual %),SP.URB.GROW,1.036680566,0.797047278,0.75068778,0.783679365,0.445856544,0.462841528,1.082101853,1.40930343,1.1952166,0.393742424
United Kingdom,GBR,Rural population,SP.RUR.TOTL,11793991,11721370,11635645,11546671,11412539,11393867,11447124,11539646,11609449,11587924
United Kingdom,GBR,Urban population,SP.URB.TOTL,53812009,54242630,54651355,55081329,55327461,55584133,56188876,56986354,57671551,57899076
United Kingdom,GBR,Urban population (% of total population),SP.URB.TOTL.IN.ZS,82.02299917,82.23065673,82.44656576,82.66994207,82.90000153,82.98864315,83.0753983,83.16019329,83.24295444,83.32360808
United Kingdom,GBR,Rural population growth (annual %),SP.RUR.TOTL.ZG,-0.304580852,-0.617649296,-0.734044011,-0.767606109,-1.168450709,-0.163743504,0.466329123,0.805006529,0.60307508,-0.185581412
Canada,CAN,Population in largest city,EN.URB.LCTY,5938144,6009852,6082425,6139404,6196731,6254571,6312974,6371958,6431430,6491286
Canada,CAN,Population living in slums (% of urban population),EN.POP.SLUM.UR.ZS,0.7,..,0.8,..,0.8,..,1.09583,..,..,..
Canada,CAN,Rural population (% of total population),SP.RUR.TOTL.ZS,18.69769889,18.59810542,18.44996584,18.2636328,18.04901113,17.82207209,17.64991026,17.47494356,17.29974342,17.12429797
Canada,CAN,Urban population growth (annual %),SP.URB.GROW,1.200115289,1.317856361,1.615046709,1.689941412,1.346603794,0.830440219,2.049643346,2.994613062,3.196480991,1.151032113
Canada,CAN,Rural population,SP.RUR.TOTL,6751889,6796692,6839886,6870504,6863793,6815136,6874663,6998556,7138277,7132553
Canada,CAN,Urban population,SP.URB.TOTL,29358914,29748383,30232734,30747991,31164845,31424728,32075469,33050532,34124052,34519100
Canada,CAN,Urban population (% of total population),SP.URB.TOTL.IN.ZS,81.30230111,81.40189458,81.55003416,81.7363672,81.95098887,82.17792791,82.35008974,82.52505644,82.70025658,82.87570203
Canada,CAN,Rural population growth (annual %),SP.RUR.TOTL.ZG,0.833901583,0.661370564,0.63350416,0.446640116,-0.09772616,-0.711418346,0.869660324,1.786121789,1.976758864,-0.080219585
Japan,JPN,Population in largest city,EN.URB.LCTY,37326706,37397437,37468302,37435191,37393129,37339805,37274002,37194105,37115035,37036204
Japan,JPN,Population living in slums (% of urban population),EN.POP.SLUM.UR.ZS,..,..,..,..,..,..,2,..,..,..
Japan,JPN,Rural population (% of total population),SP.RUR.TOTL.ZS,8.545874515,8.450158031,8.362268139,8.28357921,8.219007373,8.125895072,8.022346757,7.917309611,7.809828197,7.699855058
Japan,JPN,Urban population growth (annual %),SP.URB.GROW,0.059209767,0.022730899,-0.030923721,-0.054632242,-0.223815566,-0.358552906,-0.331208529,-0.373238085,-0.31899637,-0.372925171
Japan,JPN,Rural population,SP.RUR.TOTL,10859755,10729335,10604276,10489745,10377401,10212754,10037960,9858369,9682263,9499060
Japan,JPN,Urban population,SP.URB.TOTL,116216245,116242665,116206724,116143255,115883599,115468839,115087029,114658281,114293108,113867674
Japan,JPN,Urban population (% of total population),SP.URB.TOTL.IN.ZS,91.45412549,91.54984197,91.63773186,91.71642079,91.78099263,91.87410493,91.97765324,92.08269039,92.1901718,92.30014494
Japan,JPN,Rural population growth (annual %),SP.RUR.TOTL.ZG,-1.224461894,-1.208217545,-1.172426295,-1.085920275,-1.076765222,-1.599312967,-1.726342499,-1.805316726,-1.802508415,-1.910280862
Germany,DEU,Population in largest city,EN.URB.LCTY,3526391,3539234,3552123,3556792,3562038,3566791,3570750,3573938,3576873,3580188
Germany,DEU,Population living in slums (% of urban population),EN.POP.SLUM.UR.ZS,0,..,0,..,0,..,0,..,..,..
Germany,DEU,Rural population (% of total population),SP.RUR.TOTL.ZS,19.16521293,19.0157456,18.85769638,18.69460083,18.5299945,18.36741293,18.21321472,18.09656333,17.97885674,17.86177795
Germany,DEU,Urban population growth (annual %),SP.URB.GROW,0.977276416,0.558459226,0.495496094,0.426317422,0.283943245,0.241688773,0.166757466,0.274038736,0.418567796,0.112289603
Germany,DEU,Rural population,SP.RUR.TOTL,15782298,15717845,15634121,15533898,15409705,15280967,15149354,15072134,15015329,14913022
Germany,DEU,Urban population,SP.URB.TOTL,66566371,66939157,67271661,67559064,67751166,67915111,68028459,68215139,68501264,68578227
Germany,DEU,Urban population (% of total population),SP.URB.TOTL.IN.ZS,80.83478707,80.9842544,81.14230362,81.30539917,81.4700055,81.63258707,81.78678528,81.90343667,82.02114326,82.13822205
Germany,DEU,Rural population growth (annual %),SP.RUR.TOTL.ZG,0.093115971,-0.40922411,-0.534092178,-0.643116558,-0.8027098,-0.838943866,-0.865017629,-0.511028233,-0.377599584,-0.683682161
France,FRA,Population in largest city,EN.URB.LCTY,10789031,10844847,10900952,10958187,11017230,11078546,11142303,11208440,11276701,11346802
France,FRA,Population living in slums (% of urban population),EN.POP.SLUM.UR.ZS,0,..,0,..,0,..,0,..,..,..
France,FRA,Rural population (% of total population),SP.RUR.TOTL.ZS,21.40008853,21.3532196,21.32855675,21.31092155,21.28808682,21.26353966,21.24080789,21.21956769,21.2000249,21.15503494
France,FRA,Urban population growth (annual %),SP.URB.GROW,1.336806423,0.34981302,0.389849817,0.35497249,0.353572182,0.388083617,0.531186532,0.30205802,0.286798816,0.302845271
France,FRA,Rural population,SP.RUR.TOTL,14279017,14289152,14323906,14359738,14390983,14425783,14482930,14508304,14532968,14537811
France,FRA,Urban population,SP.URB.TOTL,52445087,52628868,52834442,53022323,53210127,53417028,53701527,53863982,54018685,54182526
France,FRA,Urban population (% of total population),SP.URB.TOTL.IN.ZS,78.59991147,78.6467804,78.67144325,78.68907845,78.71191318,78.73646034,78.75919211,78.78043231,78.7999751,78.84496506
France,FRA,Rural population growth (annual %),SP.RUR.TOTL.ZG,-3.58096445,0.070953098,0.242924172,0.249842863,0.217351157,0.241526179,0.395362287,0.17504606,0.16985486,0.033318681
Italy,ITA,Population in largest city,EN.URB.LCTY,4145112,4177286,4209710,4234019,4257056,4278350,4297877,4315671,4331974,4347104
Italy,ITA,Population living in slums (% of urban population),EN.POP.SLUM.UR.ZS,0.02,..,0.02,..,0.02,..,0.02,..,..,..
Italy,ITA,Rural population (% of total population),SP.RUR.TOTL.ZS,30.40307675,30.48192157,30.51999664,30.49499893,30.48125076,30.51874924,30.51602202,30.46184599,30.39524649,30.3191382
Italy,ITA,Urban population growth (annual %),SP.URB.GROW,-0.208876964,-0.301452906,-0.263380955,-0.211741561,-0.467315459,-0.569555707,-0.198376241,0.028021895,0.042288633,0.046421582
Italy,ITA,Rural population,SP.RUR.TOTL,18276877,18289839,18274526,18214383,18117705,18046705,18008624,17967681,17918820,17862719
Italy,ITA,Urban population,SP.URB.TOTL,41838346,41712413,41602695,41514698,41321146,41086468,41005043,41016535,41033884,41052937
Italy,ITA,Urban population (% of total population),SP.URB.TOTL.IN.ZS,69.59692325,69.51807843,69.48000336,69.50500107,69.51874924,69.48125076,69.48397798,69.53815401,69.60475351,69.6808618
Italy,ITA,Rural population growth (annual %),SP.RUR.TOTL.ZG,-0.147072301,0.070895076,-0.083759151,-0.329651152,-0.532191974,-0.392651733,-0.211236537,-0.227611022,-0.272308689,-0.313575366
,,,,,,,,,,,,,
,,,,,,,,,,,,,
,,,,,,,,,,,,,
Data from database: World Development Indicators,,,,,,,,,,,,,
Last Updated: 07/13/2026,,,,,,,,,,,,,
